,PRICE,TIME,ID
0,1000300,6542,541
1,1000300,8060,59
2,1000300,14244,243
3,1000300,14418,417
4,1000300,15839,838
5,1000300,17088,87
6,1000301,950,949
7,1000301,9450,449
8,1000301,17643,642
9,1000301,18590,589
10,1000301,19964,963
11,1000302,629,628
12,1000302,9732,731
13,1000302,16697,696
14,1000303,3220,219
15,1000303,8667,666
16,1000304,4300,299
17,1000304,4778,777
18,1000304,7300,299
19,1000304,14603,602
20,1000304,15305,304
21,1000305,4136,135
22,1000305,4957,956
23,1000305,8788,787
24,1000305,10507,506
25,1000305,14704,703
26,1000305,17374,373
27,1000306,2145,144
28,1000306,13792,791
29,1000307,3884,883
30,1000307,12754,753
31,1000307,15150,149
32,1000308,11757,756
33,1000308,19248,247
34,1000308,19419,418
35,1000309,13843,842
36,1000309,19502,501
37,1000310,3264,263
38,1000310,5348,347
39,1000310,5370,369
40,1000310,9291,290
41,1000310,9897,896
42,1000310,14339,338
43,1000310,14357,356
44,1000310,14489,488
45,1000311,2911,910
46,1000311,12443,442
47,1000312,10065,64
48,1000312,15624,623
49,1000312,15732,731
50,1000312,17458,457
51,1000313,578,577
52,1000313,1693,692
53,1000313,7232,231
54,1000313,13159,158
55,1000313,13640,639
56,1000313,17186,185
57,1000313,18610,609
58,1000313,18711,710
59,1000314,8156,155
60,1000314,8238,237
61,1000314,8748,747
62,1000314,9000,999
63,1000314,9247,246
64,1000314,17443,442
65,1000315,5151,150
66,1000315,13108,107
67,1000315,13619,618
68,1000315,19500,499
69,1000316,1445,444
70,1000316,14215,214
71,1000317,3316,315
72,1000317,5140,139
73,1000317,6089,88
74,1000317,6150,149
75,1000317,15738,737
76,1000318,2399,398
77,1000318,2615,614
78,1000318,7498,497
79,1000318,14040,39
80,1000318,16276,275
81,1000319,917,916
82,1000319,3202,201
83,1000319,14356,355
84,1000319,15789,788
85,1000319,16487,486
86,1000319,17080,79
87,1000319,19215,214
88,1000319,19771,770
89,1000320,19,18
90,1000320,329,328
91,1000320,5443,442
92,1000320,6271,270
93,1000320,9757,756
94,1000321,4909,908
95,1000321,7974,973
96,1000321,10283,282
97,1000321,10677,676
98,1000321,12449,448
99,1000321,13074,73
100,1000321,13174,173
101,1000321,15939,938
102,1000321,16043,42
103,1000322,1414,413
104,1000322,1441,440
105,1000322,4583,582
106,1000322,7651,650
107,1000322,8498,497
108,1000322,11333,332
109,1000322,11915,914
110,1000322,12392,391
111,1000322,14351,350
112,1000322,15818,817
113,1000322,18261,260
114,1000322,18497,496
115,1000323,4728,727
116,1000323,7958,957
117,1000323,10724,723
118,1000323,11782,781
119,1000323,12591,590
120,1000323,15396,395
121,1000323,18206,205
122,1000323,19677,676
123,1000324,5708,707
124,1000325,1626,625
125,1000325,5012,11
126,1000325,7451,450
127,1000325,8101,100
128,1000325,11830,829
129,1000326,426,425
130,1000326,3105,104
131,1000326,3165,164
132,1000326,4284,283
133,1000326,4823,822
134,1000326,6488,487
135,1000326,6724,723
136,1000326,6889,888
137,1000326,9973,972
138,1000326,11767,766
139,1000326,13413,412
140,1000326,14104,103
141,1000326,14468,467
142,1000327,2302,301
143,1000327,10641,640
144,1000327,10857,856
145,1000327,13800,799
146,1000327,14473,472
147,1000327,14754,753
148,1000327,15395,394
149,1000327,17631,630
150,1000327,18719,718
151,1000328,1924,923
152,1000328,9253,252
153,1000328,9760,759
154,1000328,10301,300
155,1000328,11037,36
156,1000328,12436,435
157,1000328,12642,641
158,1000328,13157,156
159,1000328,13249,248
160,1000329,6702,701
161,1000329,9097,96
162,1000329,10676,675
163,1000329,11539,538
164,1000329,13217,216
165,1000329,14160,159
166,1000329,15914,913
167,1000329,17480,479
168,1000330,2514,513
169,1000330,6034,33
170,1000330,8442,441
171,1000330,9283,282
172,1000330,9371,370
173,1000330,11641,640
174,1000330,12592,591
175,1000331,4189,188
176,1000331,15751,750
177,1000331,19924,923
178,1000332,1656,655
179,1000332,2341,340
180,1000332,3839,838
181,1000332,8999,998
182,1000332,10727,726
183,1000332,12823,822
184,1000332,16643,642
185,1000333,3522,521
186,1000333,10413,412
187,1000333,11254,253
188,1000333,17553,552
189,1000333,19675,674
190,1000334,1454,453
191,1000334,3493,492
192,1000334,6765,764
193,1000334,9840,839
194,1000334,12561,560
195,1000334,15429,428
196,1000334,18841,840
197,1000334,19537,536
198,1000335,636,635
199,1000335,7181,180
200,1000335,8409,408
201,1000335,8415,414
202,1000335,9911,910
203,1000335,12425,424
204,1000335,13932,931
205,1000335,14762,761
206,1000335,15879,878
207,1000336,7020,19
208,1000336,7353,352
209,1000336,9132,131
210,1000336,15425,424
211,1000336,18304,303
212,1000336,18403,402
213,1000337,3921,920
214,1000337,5814,813
215,1000337,6186,185
216,1000337,6621,620
217,1000337,18623,622
218,1000337,19027,26
219,1000338,1677,676
220,1000338,3507,506
221,1000338,6107,106
222,1000338,8988,987
223,1000338,15268,267
224,1000338,15655,654
225,1000338,17682,681
226,1000338,19931,930
227,1000339,2875,874
228,1000339,6926,925
229,1000339,7871,870
230,1000339,10669,668
231,1000339,15996,995
232,1000339,17210,209
233,1000339,17517,516
234,1000340,4677,676
235,1000340,6151,150
236,1000340,9535,534
237,1000340,11266,265
238,1000340,12275,274
239,1000340,14671,670
240,1000340,17319,318
241,1000340,18948,947
242,1000341,624,623
243,1000341,8692,691
244,1000341,10906,905
245,1000341,13681,680
246,1000341,14279,278
247,1000341,17440,439
248,1000342,90,89
249,1000342,756,755
250,1000342,1193,192
251,1000342,6155,154
252,1000342,9019,18
253,1000342,10412,411
254,1000342,11041,40
255,1000342,18660,659
256,1000343,722,721
257,1000343,10935,934
258,1000343,13768,767
259,1000343,14601,600
260,1000344,1737,736
261,1000344,8847,846
262,1000344,10570,569
263,1000344,10705,704
264,1000344,12214,213
265,1000344,13406,405
266,1000344,16514,513
267,1000345,1686,685
268,1000345,3578,577
269,1000345,8822,821
270,1000345,12547,546
271,1000345,15973,972
272,1000345,16413,412
273,1000345,18599,598
274,1000346,414,413
275,1000346,1195,194
276,1000346,7501,500
277,1000346,7673,672
278,1000346,13994,993
279,1000347,1942,941
280,1000347,8836,835
281,1000347,10831,830
282,1000347,12255,254
283,1000347,13533,532
284,1000347,13583,582
285,1000347,16165,164
286,1000347,17193,192
287,1000348,2415,414
288,1000348,8180,179
289,1000348,8448,447
290,1000348,12430,429
291,1000348,14597,596
292,1000348,19191,190
293,1000349,31,30
294,1000349,9220,219
295,1000349,10092,91
296,1000349,12056,55
297,1000349,13184,183
298,1000349,17986,985
299,1000350,2873,872
300,1000350,3376,375
301,1000350,11401,400
302,1000350,13434,433
303,1000350,14747,746
304,1000350,15051,50
305,1000351,2195,194
306,1000351,4212,211
307,1000351,7842,841
308,1000351,13929,928
309,1000351,14854,853
310,1000352,10404,403
311,1000352,11361,360
312,1000352,12148,147
313,1000352,14705,704
314,1000353,4445,444
315,1000353,6869,868
316,1000353,8104,103
317,1000353,9523,522
318,1000353,10655,654
319,1000353,10976,975
320,1000353,11246,245
321,1000353,11760,759
322,1000353,12115,114
323,1000354,881,880
324,1000354,3882,881
325,1000354,13180,179
326,1000354,17562,561
327,1000356,15848,847
328,1000357,3441,440
329,1000357,6325,324
330,1000357,6806,805
331,1000357,6840,839
332,1000357,7039,38
333,1000357,18532,531
334,1000357,19081,80
335,1000357,19678,677
336,1000358,12781,780
337,1000358,13458,457
338,1000358,14503,502
339,1000358,19483,482
340,1000359,5594,593
341,1000359,6515,514
342,1000359,10758,757
343,1000360,686,685
344,1000360,6974,973
345,1000360,10660,659
346,1000360,12229,228
347,1000360,12752,751
348,1000360,16867,866
349,1000361,3375,374
350,1000361,3724,723
351,1000361,3777,776
352,1000361,4181,180
353,1000361,5278,277
354,1000361,5334,333
355,1000361,5962,961
356,1000361,6930,929
357,1000361,13489,488
358,1000361,13652,651
359,1000361,16068,67
360,1000361,19663,662
361,1000362,4879,878
362,1000362,8954,953
363,1000362,10863,862
364,1000362,14843,842
365,1000362,14986,985
366,1000363,645,644
367,1000363,1189,188
368,1000363,5998,997
369,1000363,15278,277
370,1000363,16630,629
371,1000363,18821,820
372,1000364,1494,493
373,1000364,6605,604
374,1000364,10666,665
375,1000364,10890,889
376,1000364,13732,731
377,1000364,16873,872
378,1000364,18716,715
379,1000364,19540,539
380,1000365,782,781
381,1000365,792,791
382,1000365,12156,155
383,1000365,13842,841
384,1000365,17451,450
385,1000365,19796,795
386,1000366,2016,15
387,1000366,5129,128
388,1000366,10376,375
389,1000366,10589,588
390,1000366,12518,517
391,1000367,4027,26
392,1000367,4309,308
393,1000367,4751,750
394,1000367,7554,553
395,1000367,7595,594
396,1000367,11138,137
397,1000367,17135,134
398,1000367,19431,430
399,1000368,16397,396
400,1000368,19487,486
401,1000368,19569,568
402,1000368,19907,906
403,1000369,1046,45
404,1000369,7644,643
405,1000369,8242,241
406,1000369,9834,833
407,1000369,14841,840
408,1000369,16629,628
409,1000369,18143,142
410,1000369,19217,216
411,1000370,10539,538
412,1000370,12964,963
413,1000370,17568,567
414,1000370,17914,913
415,1000371,3159,158
416,1000371,3265,264
417,1000371,4399,398
418,1000371,4938,937
419,1000371,9288,287
420,1000371,10094,93
421,1000371,11159,158
422,1000371,14162,161
423,1000372,805,804
424,1000372,3995,994
425,1000372,6339,338
426,1000372,7765,764
427,1000372,9499,498
428,1000372,11616,615
429,1000372,14976,975
430,1000373,4004,3
431,1000373,15626,625
432,1000373,17513,512
433,1000374,1847,846
434,1000374,5793,792
435,1000374,11040,39
436,1000374,14367,366
437,1000374,15455,454
438,1000375,3121,120
439,1000375,5498,497
440,1000375,5964,963
441,1000375,9027,26
442,1000375,11430,429
443,1000375,14085,84
444,1000375,17013,12
445,1000375,17053,52
446,1000375,17299,298
447,1000376,5092,91
448,1000376,7184,183
449,1000376,11749,748
450,1000377,4134,133
451,1000377,6105,104
452,1000377,12601,600
453,1000377,14990,989
454,1000378,2053,52
455,1000378,10889,888
456,1000378,17413,412
457,1000379,6708,707
458,1000379,11881,880
459,1000379,18494,493
460,1000379,18814,813
461,1000379,19265,264
462,1000380,3268,267
463,1000380,13635,634
464,1000381,11887,886
465,1000382,744,743
466,1000382,10596,595
467,1000382,13662,661
468,1000382,15776,775
469,1000382,18100,99
470,1000382,19271,270
471,1000382,19966,965
472,1000383,7150,149
473,1000383,12643,642
474,1000383,16286,285
475,1000384,1090,89
476,1000384,4090,89
477,1000384,10801,800
478,1000385,5846,845
479,1000385,6610,609
480,1000385,12428,427
481,1000385,12857,856
482,1000386,6359,358
483,1000386,8474,473
484,1000386,14999,998
485,1000387,4609,608
486,1000387,7334,333
487,1000387,11748,747
488,1000387,11955,954
489,1000388,506,505
490,1000388,8858,857
491,1000388,10236,235
492,1000388,10989,988
493,1000388,14689,688
494,1000388,17441,440
495,1000388,19533,532
496,1000389,2177,176
497,1000389,4119,118
498,1000389,9944,943
499,1000389,11312,311
500,1000389,19117,116
501,1000389,19262,261
502,1000390,3453,452
503,1000390,4710,709
504,1000390,11434,433
505,1000390,11441,440
506,1000391,1696,695
507,1000391,13435,434
508,1000391,15685,684
509,1000391,16958,957
510,1000392,9860,859
511,1000392,9948,947
512,1000392,12257,256
513,1000392,18709,708
514,1000392,19491,490
515,1000393,833,832
516,1000393,7520,519
517,1000393,11068,67
518,1000393,13147,146
519,1000394,15549,548
520,1000395,684,683
521,1000395,1426,425
522,1000395,3282,281
523,1000396,270,269
524,1000396,14923,922
525,1000396,16929,928
526,1000397,6424,423
527,1000397,11454,453
528,1000397,12495,494
529,1000399,1393,392
530,1000399,2610,609
531,1000399,12054,53
532,1000399,12142,141
533,1000399,12405,404
534,1000399,12501,500
535,1000399,12733,732
536,1000399,14147,146
537,1000399,17519,518
538,1000400,1539,538
539,1000400,2492,491
540,1000400,3992,991
541,1000400,4995,994
542,1000400,5931,930
543,1000400,7042,41
544,1000400,8803,802
545,1000400,10838,837
546,1000400,12423,422
547,1000400,18294,293
548,1000401,5582,581
549,1000401,6822,821
550,1000401,18601,600
551,1000401,19499,498
552,1000402,4294,293
553,1000402,5958,957
554,1000402,7964,963
555,1000402,13810,809
556,1000403,2542,541
557,1000403,6699,698
558,1000403,8048,47
559,1000403,14729,728
560,1000404,8100,99
561,1000404,11406,405
562,1000404,11975,974
563,1000404,14902,901
564,1000404,18053,52
565,1000405,1879,878
566,1000405,12050,49
567,1000406,165,164
568,1000406,647,646
569,1000406,2338,337
570,1000406,6985,984
571,1000406,14731,730
572,1000406,16047,46
573,1000406,17184,183
574,1000407,13067,66
575,1000407,18103,102
576,1000408,11596,595
577,1000408,12467,466
578,1000408,13149,148
579,1000408,17531,530
580,1000409,4645,644
581,1000409,9183,182
582,1000409,13684,683
583,1000409,14911,910
584,1000410,4453,452
585,1000410,8286,285
586,1000410,10505,504
587,1000410,13228,227
588,1000411,3078,77
589,1000411,4506,505
590,1000411,9225,224
591,1000411,10579,578
592,1000411,11353,352
593,1000411,16462,461
594,1000411,18312,311
595,1000412,1113,112
596,1000412,3750,749
597,1000412,4638,637
598,1000412,10695,694
599,1000412,12862,861
600,1000412,13196,195
601,1000413,718,717
602,1000413,3182,181
603,1000413,5542,541
604,1000413,11092,91
605,1000414,9759,758
606,1000414,14784,783
607,1000415,9102,101
608,1000415,11295,294
609,1000415,12208,207
610,1000415,13796,795
611,1000415,16823,822
612,1000415,19406,405
613,1000416,2672,671
614,1000416,5317,316
615,1000416,9649,648
616,1000416,13312,311
617,1000416,13477,476
618,1000416,16449,448
619,1000416,16558,557
620,1000416,17696,695
621,1000417,3579,578
622,1000417,8107,106
623,1000418,4779,778
624,1000418,9884,883
625,1000418,10982,981
626,1000418,15941,940
627,1000418,17717,716
628,1000419,1022,21
629,1000419,1963,962
630,1000419,2298,297
631,1000419,8547,546
632,1000419,9088,87
633,1000419,10939,938
634,1000420,10295,294
635,1000420,10870,869
636,1000420,10892,891
637,1000420,15302,301
638,1000420,16306,305
639,1000421,3502,501
640,1000421,7081,80
641,1000421,8411,410
642,1000421,10232,231
643,1000421,11595,594
644,1000421,14657,656
645,1000421,15279,278
646,1000422,9301,300
647,1000422,15027,26
648,1000422,19576,575
649,1000422,19617,616
650,1000423,3583,582
651,1000423,6938,937
652,1000423,18151,150
653,1000423,19279,278
654,1000424,3521,520
655,1000424,5683,682
656,1000424,9505,504
657,1000424,11662,661
658,1000424,13504,503
659,1000424,13814,813
660,1000424,17976,975
661,1000425,1197,196
662,1000425,3064,63
663,1000425,6261,260
664,1000425,8470,469
665,1000425,11541,540
666,1000425,14500,499
667,1000426,8512,511
668,1000426,10007,6
669,1000426,11432,431
670,1000426,13339,338
671,1000427,6260,259
672,1000427,10559,558
673,1000427,10679,678
674,1000427,18910,909
675,1000428,4049,48
676,1000428,6023,22
677,1000428,7299,298
678,1000428,17500,499
679,1000428,18156,155
680,1000429,3393,392
681,1000429,8521,520
682,1000429,19674,673
683,1000430,7965,964
684,1000430,8453,452
685,1000430,9451,450
686,1000430,12247,246
687,1000430,13257,256
688,1000430,13293,292
689,1000430,13481,480
690,1000431,616,615
691,1000431,634,633
692,1000431,13542,541
693,1000431,17856,855
694,1000432,1823,822
695,1000432,1860,859
696,1000432,2249,248
697,1000433,3596,595
698,1000433,12254,253
699,1000433,14072,71
700,1000433,16628,627
701,1000433,17571,570
702,1000434,2312,311
703,1000434,19060,59
704,1000435,3740,739
705,1000435,7689,688
706,1000435,8054,53
707,1000435,13258,257
708,1000436,1081,80
709,1000436,8219,218
710,1000436,14106,105
711,1000436,15970,969
712,1000437,439,438
713,1000437,4680,679
714,1000437,5976,975
715,1000437,11727,726
716,1000437,13123,122
717,1000437,16545,544
718,1000437,16879,878
719,1000438,1567,566
720,1000438,12421,420
721,1000438,14673,672
722,1000438,19063,62
723,1000438,19843,842
724,1000439,2649,648
725,1000439,12703,702
726,1000439,12788,787
727,1000440,19785,784
728,1000441,6539,538
729,1000441,11022,21
730,1000441,14625,624
731,1000441,17054,53
732,1000441,18462,461
733,1000441,18728,727
734,1000441,19234,233
735,1000441,19392,391
736,1000442,499,498
737,1000442,1474,473
738,1000442,7187,186
739,1000442,8938,937
740,1000442,13253,252
741,1000442,14776,775
742,1000443,2546,545
743,1000443,11479,478
744,1000443,14866,865
745,1000443,18826,825
746,1000444,1453,452
747,1000444,9539,538
748,1000444,11236,235
749,1000444,13211,210
750,1000444,13565,564
751,1000444,16637,636
752,1000444,18874,873
753,1000444,19916,915
754,1000445,10754,753
755,1000446,3024,23
756,1000446,11043,42
757,1000446,11197,196
758,1000446,15166,165
759,1000447,7783,782
760,1000447,11426,425
761,1000447,13596,595
762,1000447,15454,453
763,1000447,19642,641
764,1000447,19999,998
765,1000448,3604,603
766,1000448,15237,236
767,1000448,15721,720
768,1000448,18834,833
769,1000449,5621,620
770,1000449,7989,988
771,1000449,10356,355
772,1000449,13935,934
773,1000449,18663,662
774,1000449,18739,738
775,1000450,10671,670
776,1000450,13807,806
777,1000450,15254,253
778,1000451,1004,3
779,1000451,6721,720
780,1000451,8863,862
781,1000451,9157,156
782,1000451,14202,201
783,1000452,15204,203
784,1000453,1284,283
785,1000453,5482,481
786,1000453,12568,567
787,1000453,13558,557
788,1000453,13846,845
789,1000453,17529,528
790,1000453,19231,230
791,1000454,3530,529
792,1000454,8496,495
793,1000454,10667,666
794,1000454,14060,59
795,1000454,14315,314
796,1000454,14856,855
797,1000454,18091,90
798,1000455,3910,909
799,1000455,4513,512
800,1000455,8864,863
801,1000455,10684,683
802,1000455,13537,536
803,1000455,14811,810
804,1000455,16999,998
805,1000455,17414,413
806,1000456,3819,818
807,1000456,6197,196
808,1000456,11345,344
809,1000456,13132,131
810,1000456,13670,669
811,1000456,14101,100
812,1000456,15628,627
813,1000457,2842,841
814,1000457,9617,616
815,1000458,1105,104
816,1000458,1891,890
817,1000458,6106,105
818,1000458,12506,505
819,1000458,15368,367
820,1000459,4826,825
821,1000459,9010,9
822,1000459,9110,109
823,1000459,9577,576
824,1000459,9698,697
825,1000459,13065,64
826,1000460,9182,181
827,1000460,15533,532
828,1000461,13651,650
829,1000461,14571,570
830,1000461,16464,463
831,1000462,3346,345
832,1000462,15490,489
833,1000462,18781,780
834,1000463,8186,185
835,1000463,9437,436
836,1000463,10281,280
837,1000463,15199,198
838,1000463,15869,868
839,1000463,18760,759
840,1000464,3798,797
841,1000464,6524,523
842,1000465,2959,958
843,1000465,12287,286
844,1000465,13056,55
845,1000465,15975,974
846,1000465,18782,781
847,1000466,2496,495
848,1000466,9238,237
849,1000466,10952,951
850,1000466,11880,879
851,1000466,13591,590
852,1000466,17906,905
853,1000466,18227,226
854,1000467,6551,550
855,1000467,19269,268
856,1000468,3032,31
857,1000468,14898,897
858,1000469,285,284
859,1000469,3820,819
860,1000470,4754,753
861,1000470,6211,210
862,1000470,6683,682
863,1000470,10102,101
864,1000470,12243,242
865,1000470,12633,632
866,1000470,15430,429
867,1000470,15688,687
868,1000471,7746,745
869,1000471,14069,68
870,1000471,18840,839
871,1000472,428,427
872,1000472,2946,945
873,1000472,16583,582
874,1000472,17059,58
875,1000472,19943,942
876,1000473,8376,375
877,1000474,12187,186
878,1000474,13506,505
879,1000474,13614,613
880,1000474,13806,805
881,1000474,14180,179
882,1000474,14893,892
883,1000474,18759,758
884,1000474,19376,375
885,1000475,6164,163
886,1000475,19671,670
887,1000476,3216,215
888,1000476,8068,67
889,1000476,12677,676
890,1000476,15252,251
891,1000477,12116,115
892,1000477,14552,551
893,1000477,15907,906
894,1000477,16571,570
895,1000477,17296,295
896,1000477,19988,987
897,1000478,1714,713
898,1000478,4603,602
899,1000478,6912,911
900,1000478,11023,22
901,1000479,8665,664
902,1000479,10753,752
903,1000479,15924,923
904,1000479,18539,538
905,1000480,32,31
906,1000480,1484,483
907,1000480,13060,59
908,1000480,15300,299
909,1000480,16238,237
910,1000480,17493,492
911,1000481,1560,559
912,1000481,3317,316
913,1000481,4508,507
914,1000481,14806,805
915,1000481,17494,493
916,1000482,5819,818
917,1000482,12614,613
918,1000482,15203,202
919,1000483,2109,108
920,1000484,6323,322
921,1000484,6475,474
922,1000484,7868,867
923,1000484,8339,338
924,1000484,14781,780
925,1000484,19130,129
926,1000485,3976,975
927,1000485,15943,942
928,1000485,17211,210
929,1000485,19494,493
930,1000486,3811,810
931,1000486,5695,694
932,1000486,11538,537
933,1000486,13974,973
934,1000487,6242,241
935,1000487,9952,951
936,1000487,11753,752
937,1000488,9566,565
938,1000488,10402,401
939,1000489,13663,662
940,1000489,18694,693
941,1000490,8953,952
942,1000490,10746,745
943,1000490,14323,322
944,1000491,6074,73
945,1000491,7572,571
946,1000491,10049,48
947,1000491,19535,534
948,1000492,6819,818
949,1000492,8557,556
950,1000492,8760,759
951,1000492,10644,643
952,1000492,16427,426
953,1000492,19954,953
954,1000493,264,263
955,1000493,10771,770
956,1000493,13634,633
957,1000493,18630,629
958,1000494,11943,942
959,1000494,11958,957
960,1000494,13088,87
961,1000494,14886,885
962,1000495,1242,241
963,1000495,9159,158
964,1000496,2256,255
965,1000496,5761,760
966,1000496,11638,637
967,1000497,755,754
968,1000497,15517,516
969,1000498,962,961
970,1000498,6428,427
971,1000498,11685,684
972,1000498,11947,946
973,1000498,16704,703
974,1000498,18285,284
975,1000500,7756,755
976,1000500,8372,371
977,1000500,9214,213
978,1000500,15514,513
979,1000500,16706,705
980,1000501,13781,780
981,1000501,17117,116
982,1000502,10071,70
983,1000502,11075,74
984,1000502,11954,953
985,1000502,16089,88
986,1000503,8550,549
987,1000503,13643,642
988,1000503,15510,509
989,1000504,1503,502
990,1000504,8161,160
991,1000504,9179,178
992,1000504,9606,605
993,1000504,10855,854
994,1000504,15401,400
995,1000504,18251,250
996,1000505,5333,332
997,1000505,8083,82
998,1000505,17589,588
999,1000506,7775,774
1000,1000506,9929,928
1001,1000506,10628,627
1002,1000506,13107,106
1003,1000506,14937,936
1004,1000506,14978,977
1005,1000506,15008,7
1006,1000506,16584,583
1007,1000507,8182,181
1008,1000508,2989,988
1009,1000508,7078,77
1010,1000508,11105,104
1011,1000508,15423,422
1012,1000508,19464,463
1013,1000509,586,585
1014,1000510,7307,306
1015,1000510,8259,258
1016,1000511,4846,845
1017,1000511,11623,622
1018,1000511,11703,702
1019,1000511,18614,613
1020,1000512,5968,967
1021,1000512,6016,15
1022,1000512,9299,298
1023,1000512,10582,581
1024,1000513,10206,205
1025,1000513,12209,208
1026,1000513,13431,430
1027,1000513,14327,326
1028,1000514,3969,968
1029,1000514,4022,21
1030,1000514,5354,353
1031,1000514,11742,741
1032,1000515,5211,210
1033,1000515,7645,644
1034,1000515,10542,541
1035,1000515,16146,145
1036,1000516,4784,783
1037,1000516,11843,842
1038,1000516,13473,472
1039,1000516,13749,748
1040,1000516,14474,473
1041,1000517,14,13
1042,1000517,2621,620
1043,1000517,4224,223
1044,1000517,6713,712
1045,1000517,10686,685
1046,1000517,15527,526
1047,1000517,16421,420
1048,1000518,5042,41
1049,1000518,13451,450
1050,1000518,17045,44
1051,1000518,17487,486
1052,1000519,117,116
1053,1000519,2184,183
1054,1000519,9162,161
1055,1000519,11384,383
1056,1000519,19261,260
1057,1000519,19603,602
1058,1000520,10657,656
1059,1000520,18594,593
1060,1000521,2315,314
1061,1000521,15249,248
1062,1000521,15371,370
1063,1000522,8816,815
1064,1000522,11897,896
1065,1000522,13198,197
1066,1000522,19511,510
1067,1000523,10556,555
1068,1000523,19200,199
1069,1000524,5388,387
1070,1000524,13089,88
1071,1000526,2940,939
1072,1000527,4691,690
1073,1000527,12771,770
1074,1000527,14207,206
1075,1000527,14994,993
1076,1000528,14598,597
1077,1000529,3847,846
1078,1000529,6319,318
1079,1000530,12016,15
1080,1000530,13622,621
1081,1000530,15537,536
1082,1000530,18860,859
1083,1000531,7009,8
1084,1000531,8168,167
1085,1000531,8510,509
1086,1000531,12768,767
1087,1000531,16357,356
1088,1000531,19510,509
1089,1000532,1216,215
1090,1000532,1224,223
1091,1000532,3868,867
1092,1000532,4643,642
1093,1000532,6550,549
1094,1000532,9248,247
1095,1000532,16000,999
1096,1000533,7917,916
1097,1000533,15049,48
1098,1000534,3661,660
1099,1000534,4241,240
1100,1000534,6506,505
1101,1000534,10390,389
1102,1000534,16680,679
1103,1000534,17201,200
1104,1000535,408,407
1105,1000535,588,587
1106,1000535,4968,967
1107,1000535,7014,13
1108,1000535,7434,433
1109,1000535,16386,385
1110,1000537,10238,237
1111,1000537,10928,927
1112,1000537,11478,477
1113,1000537,14792,791
1114,1000537,14813,812
1115,1000537,19870,869
1116,1000538,10302,301
1117,1000538,12230,229
1118,1000539,3031,30
1119,1000539,9255,254
1120,1000539,16961,960
1121,1000540,1902,901
1122,1000540,9385,384
1123,1000540,14130,129
1124,1000540,16691,690
1125,1000541,3851,850
1126,1000541,9601,600
1127,1000541,14809,808
1128,1000541,19064,63
1129,1000542,10445,444
1130,1000542,10501,500
1131,1000542,13181,180
1132,1000542,14685,684
1133,1000543,9482,481
1134,1000543,12554,553
1135,1000543,15500,499
1136,1000543,19862,861
1137,1000544,6573,572
1138,1000544,13463,462
1139,1000544,15294,293
1140,1000544,15991,990
1141,1000544,16758,757
1142,1000545,156,155
1143,1000545,1309,308
1144,1000545,10899,898
1145,1000546,6094,93
1146,1000546,9136,135
1147,1000546,15460,459
1148,1000546,16640,639
1149,1000546,17484,483
1150,1000546,18052,51
1151,1000546,19815,814
1152,1000547,3928,927
1153,1000547,13581,580
1154,1000547,14919,918
1155,1000547,17866,865
1156,1000547,19851,850
1157,1000548,9332,331
1158,1000548,11354,353
1159,1000548,14169,168
1160,1000549,2008,7
1161,1000549,6466,465
1162,1000549,8974,973
1163,1000549,18279,278
1164,1000549,19647,646
1165,1000550,11428,427
1166,1000550,11978,977
1167,1000550,15403,402
1168,1000551,2771,770
1169,1000551,3018,17
1170,1000551,12114,113
1171,1000551,13436,435
1172,1000551,13461,460
1173,1000552,1082,81
1174,1000553,4752,751
1175,1000553,12906,905
1176,1000553,13099,98
1177,1000554,1554,553
1178,1000554,11011,10
1179,1000554,17328,327
1180,1000555,1776,775
1181,1000555,7684,683
1182,1000556,8812,811
1183,1000556,15189,188
1184,1000557,3230,229
1185,1000557,5978,977
1186,1000557,6302,301
1187,1000557,11681,680
1188,1000557,14125,124
1189,1000558,9448,447
1190,1000558,10001,0
1191,1000558,14335,334
1192,1000559,2220,219
1193,1000559,6859,858
1194,1000559,19405,404
1195,1000560,9239,238
1196,1000560,12851,850
1197,1000560,18966,965
1198,1000560,19399,398
1199,1000561,878,877
1200,1000561,1155,154
1201,1000561,6042,41
1202,1000561,8256,255
1203,1000561,9007,6
1204,1000561,12407,406
1205,1000561,14421,420
1206,1000561,14734,733
1207,1000561,17428,427
1208,1000561,18097,96
1209,1000561,19911,910
1210,1000562,5740,739
1211,1000562,5749,748
1212,1000562,12108,107
1213,1000563,1269,268
1214,1000563,2188,187
1215,1000563,13148,147
1216,1000563,14888,887
1217,1000563,19116,115
1218,1000564,2125,124
1219,1000564,13437,436
1220,1000564,15842,841
1221,1000564,18563,562
1222,1000564,19994,993
1223,1000565,3359,358
1224,1000565,13443,442
1225,1000565,15190,189
1226,1000566,1544,543
1227,1000566,13050,49
1228,1000566,15851,850
1229,1000567,208,207
1230,1000567,6057,56
1231,1000567,6892,891
1232,1000567,9105,104
1233,1000567,13154,153
1234,1000567,19531,530
1235,1000567,19792,791
1236,1000568,4458,457
1237,1000568,10690,689
1238,1000568,16981,980
1239,1000568,19188,187
1240,1000568,19592,591
1241,1000568,19679,678
1242,1000569,6115,114
1243,1000569,14775,774
1244,1000569,17403,402
1245,1000569,18927,926
1246,1000570,4220,219
1247,1000570,5821,820
1248,1000570,9525,524
1249,1000570,13112,111
1250,1000570,17433,432
1251,1000570,17969,968
1252,1000571,6689,688
1253,1000571,11882,881
1254,1000571,16423,422
1255,1000572,1368,367
1256,1000572,2437,436
1257,1000572,4799,798
1258,1000572,8725,724
1259,1000572,11483,482
1260,1000572,16935,934
1261,1000572,19258,257
1262,1000573,531,530
1263,1000573,6040,39
1264,1000573,8643,642
1265,1000573,19828,827
1266,1000574,10650,649
1267,1000574,14774,773
1268,1000574,17272,271
1269,1000575,9130,129
1270,1000576,5897,896
1271,1000576,7426,425
1272,1000577,513,512
1273,1000577,9306,305
1274,1000577,10460,459
1275,1000577,11442,441
1276,1000577,13989,988
1277,1000577,19296,295
1278,1000578,2211,210
1279,1000578,3070,69
1280,1000578,8868,867
1281,1000578,9548,547
1282,1000578,13446,445
1283,1000579,7038,37
1284,1000579,9531,530
1285,1000579,11495,494
1286,1000579,11993,992
1287,1000580,1604,603
1288,1000580,4708,707
1289,1000580,11781,780
1290,1000580,13471,470
1291,1000581,1370,369
1292,1000581,11864,863
1293,1000581,13140,139
1294,1000581,18114,113
1295,1000581,19375,374
1296,1000582,1230,229
1297,1000582,7763,762
1298,1000582,12551,550
1299,1000583,14920,919
1300,1000583,17379,378
1301,1000584,11381,380
1302,1000584,19959,958
1303,1000585,3513,512
1304,1000585,17182,181
1305,1000585,19362,361
1306,1000586,15515,514
1307,1000587,3534,533
1308,1000587,4310,309
1309,1000587,13854,853
1310,1000587,18320,319
1311,1000589,8703,702
1312,1000589,16684,683
1313,1000589,16978,977
1314,1000590,2665,664
1315,1000590,4398,397
1316,1000590,12595,594
1317,1000590,12807,806
1318,1000590,16177,176
1319,1000590,17574,573
1320,1000591,8109,108
1321,1000591,8303,302
1322,1000591,9006,5
1323,1000591,19929,928
1324,1000592,2417,416
1325,1000592,14515,514
1326,1000592,19955,954
1327,1000593,1731,730
1328,1000593,3417,416
1329,1000593,19637,636
1330,1000594,14290,289
1331,1000595,1882,881
1332,1000595,5434,433
1333,1000596,2007,6
1334,1000596,3152,151
1335,1000596,3741,740
1336,1000596,10712,711
1337,1000596,12773,772
1338,1000596,19377,376
1339,1000597,2846,845
1340,1000597,12681,680
1341,1000598,2225,224
1342,1000598,4608,607
1343,1000598,8174,173
1344,1000598,14034,33
1345,1000600,771,770
1346,1000601,13164,163
1347,1000601,13483,482
1348,1000602,13450,449
1349,1000602,15918,917
1350,1000603,668,667
1351,1000603,10219,218
1352,1000603,11778,777
1353,1000603,13728,727
1354,1000604,2314,313
1355,1000604,2696,695
1356,1000604,8314,313
1357,1000604,17018,17
1358,1000605,9625,624
1359,1000605,15849,848
1360,1000605,17474,473
1361,1000605,17521,520
1362,1000605,17605,604
1363,1000605,18777,776
1364,1000605,18801,800
1365,1000606,1836,835
1366,1000606,13716,715
1367,1000606,14109,108
1368,1000606,18203,202
1369,1000607,998,997
1370,1000607,4564,563
1371,1000607,15183,182
1372,1000608,3708,707
1373,1000608,13892,891
1374,1000608,15547,546
1375,1000608,18717,716
1376,1000608,19992,991
1377,1000609,2543,542
1378,1000609,14682,681
1379,1000609,18827,826
1380,1000610,7278,277
1381,1000610,9844,843
1382,1000610,11089,88
1383,1000610,12775,774
1384,1000610,13577,576
1385,1000610,13578,577
1386,1000611,7133,132
1387,1000611,8880,879
1388,1000611,12519,518
1389,1000612,9917,916
1390,1000612,11302,301
1391,1000612,14987,986
1392,1000612,16412,411
1393,1000612,17602,601
1394,1000613,6599,598
1395,1000613,13047,46
1396,1000613,15248,247
1397,1000613,16617,616
1398,1000614,2926,925
1399,1000615,7332,331
1400,1000615,12694,693
1401,1000615,19669,668
1402,1000616,13160,159
1403,1000616,15592,591
1404,1000616,16916,915
1405,1000616,17859,858
1406,1000616,19053,52
1407,1000617,2637,636
1408,1000617,8492,491
1409,1000617,14319,318
1410,1000618,14613,612
1411,1000618,14946,945
1412,1000618,15529,528
1413,1000620,13411,410
1414,1000620,18136,135
1415,1000621,1973,972
1416,1000621,8240,239
1417,1000621,8817,816
1418,1000621,10741,740
1419,1000621,18041,40
1420,1000622,13136,135
1421,1000622,13708,707
1422,1000623,2740,739
1423,1000623,4113,112
1424,1000623,10273,272
1425,1000623,12792,791
1426,1000623,16685,684
1427,1000623,17533,532
1428,1000623,18342,341
1429,1000624,5181,180
1430,1000624,5303,302
1431,1000624,11334,333
1432,1000626,11072,71
1433,1000626,11670,669
1434,1000626,11860,859
1435,1000627,5163,162
1436,1000627,5776,775
1437,1000627,6163,162
1438,1000627,8842,841
1439,1000627,9761,760
1440,1000627,17927,926
1441,1000628,5973,972
1442,1000629,3626,625
1443,1000629,8045,44
1444,1000629,13785,784
1445,1000629,18769,768
1446,1000629,18836,835
1447,1000629,19528,527
1448,1000630,520,519
1449,1000630,910,909
1450,1000630,13657,656
1451,1000630,13813,812
1452,1000630,19426,425
1453,1000631,3374,373
1454,1000631,7267,266
1455,1000631,18839,838
1456,1000633,11265,264
1457,1000633,18788,787
1458,1000634,14195,194
1459,1000635,14867,866
1460,1000636,4928,927
1461,1000636,11360,359
1462,1000637,2105,104
1463,1000637,19667,666
1464,1000638,8813,812
1465,1000638,18831,830
1466,1000639,8177,176
1467,1000639,17495,494
1468,1000639,17832,831
1469,1000640,3251,250
1470,1000640,3454,453
1471,1000640,5883,882
1472,1000640,6369,368
1473,1000640,8594,593
1474,1000640,19401,400
1475,1000640,19957,956
1476,1000641,1819,818
1477,1000641,2292,291
1478,1000641,11696,695
1479,1000641,12256,255
1480,1000641,19249,248
1481,1000642,4859,858
1482,1000642,5162,161
1483,1000643,3496,495
1484,1000643,5541,540
1485,1000643,18116,115
1486,1000644,3407,406
1487,1000644,7952,951
1488,1000644,14606,605
1489,1000644,16693,692
1490,1000645,8407,406
1491,1000645,9699,698
1492,1000645,10776,775
1493,1000645,11019,18
1494,1000645,13144,143
1495,1000646,6870,869
1496,1000646,12778,777
1497,1000646,14968,967
1498,1000647,871,870
1499,1000647,3208,207
1500,1000647,3821,820
1501,1000647,7025,24
1502,1000647,13557,556
1503,1000647,19175,174
1504,1000648,18666,665
1505,1000649,2448,447
1506,1000649,14201,200
1507,1000649,18667,666
1508,1000649,19662,661
1509,1000650,7404,403
1510,1000650,12078,77
1511,1000651,18049,48
1512,1000652,3959,958
1513,1000652,13176,175
1514,1000652,15986,985
1515,1000652,17200,199
1516,1000652,18070,69
1517,1000653,3262,261
1518,1000653,8798,797
1519,1000653,13270,269
1520,1000653,14165,164
1521,1000654,899,898
1522,1000654,1876,875
1523,1000654,9441,440
1524,1000655,2819,818
1525,1000655,8042,41
1526,1000655,9580,579
1527,1000655,17159,158
1528,1000655,17215,214
1529,1000656,11175,174
1530,1000656,19489,488
1531,1000657,12502,501
1532,1000657,13922,921
1533,1000657,14184,183
1534,1000657,17931,930
1535,1000658,7122,121
1536,1000658,15436,435
1537,1000658,16576,575
1538,1000659,3566,565
1539,1000659,9224,223
1540,1000659,19896,895
1541,1000660,11657,656
1542,1000660,12447,446
1543,1000660,17108,107
1544,1000660,17967,966
1545,1000661,563,562
1546,1000661,8070,69
1547,1000661,9600,599
1548,1000661,10592,591
1549,1000661,13279,278
1550,1000661,14416,415
1551,1000661,16450,449
1552,1000662,2058,57
1553,1000662,14506,505
1554,1000662,14870,869
1555,1000662,17468,467
1556,1000663,2723,722
1557,1000663,6088,87
1558,1000664,4032,31
1559,1000664,4125,124
1560,1000664,7022,21
1561,1000664,19509,508
1562,1000665,12818,817
1563,1000666,1198,197
1564,1000666,2194,193
1565,1000666,6234,233
1566,1000666,14650,649
1567,1000666,18995,994
1568,1000666,19947,946
1569,1000667,8271,270
1570,1000667,14120,119
1571,1000667,15518,517
1572,1000667,18298,297
1573,1000669,1600,599
1574,1000669,2902,901
1575,1000669,7849,848
1576,1000669,10350,349
1577,1000669,13209,208
1578,1000669,16256,255
1579,1000670,8700,699
1580,1000670,10646,645
1581,1000671,2675,674
1582,1000671,9528,527
1583,1000671,10024,23
1584,1000672,4034,33
1585,1000672,8654,653
1586,1000672,11751,750
1587,1000672,14926,925
1588,1000672,18766,765
1589,1000674,7127,126
1590,1000674,12102,101
1591,1000675,13448,447
1592,1000675,16441,440
1593,1000675,19666,665
1594,1000676,1528,527
1595,1000676,4830,829
1596,1000676,6117,116
1597,1000676,14647,646
1598,1000676,19083,82
1599,1000676,19113,112
1600,1000677,16274,273
1601,1000678,3045,44
1602,1000678,3793,792
1603,1000678,5572,571
1604,1000678,6820,819
1605,1000678,8602,601
1606,1000678,12630,629
1607,1000678,16639,638
1608,1000679,19519,518
1609,1000679,19641,640
1610,1000680,7075,74
1611,1000680,7171,170
1612,1000680,8160,159
1613,1000680,15176,175
1614,1000680,16466,465
1615,1000680,18123,122
1616,1000681,2137,136
1617,1000681,17524,523
1618,1000681,19518,517
1619,1000682,4323,322
1620,1000682,13586,585
1621,1000682,17073,72
1622,1000682,17390,389
1623,1000682,18812,811
1624,1000683,46,45
1625,1000683,16486,485
1626,1000684,7315,314
1627,1000684,9643,642
1628,1000684,13600,599
1629,1000684,19898,897
1630,1000685,5094,93
1631,1000685,10780,779
1632,1000685,15117,116
1633,1000685,16067,66
1634,1000686,672,671
1635,1000686,2874,873
1636,1000687,5917,916
1637,1000687,7076,75
1638,1000687,15954,953
1639,1000687,16055,54
1640,1000688,6807,806
1641,1000688,17573,572
1642,1000689,8562,561
1643,1000690,5390,389
1644,1000690,11458,457
1645,1000690,13082,81
1646,1000690,15397,396
1647,1000690,19496,495
1648,1000691,6029,28
1649,1000691,12137,136
1650,1000691,14935,934
1651,1000691,16093,92
1652,1000692,12411,410
1653,1000693,4349,348
1654,1000693,7749,748
1655,1000693,9083,82
1656,1000693,9648,647
1657,1000693,15428,427
1658,1000693,18286,285
1659,1000693,18957,956
1660,1000693,19029,28
1661,1000694,11686,685
1662,1000695,14848,847
1663,1000696,8402,401
1664,1000696,10602,601
1665,1000696,18648,647
1666,1000697,14154,153
1667,1000697,17902,901
1668,1000698,628,627
1669,1000698,1167,166
1670,1000698,16063,62
1671,1000699,6880,879
1672,1000699,12370,369
1673,1000699,18281,280
1674,1000700,19225,224
1675,1000701,18604,603
1676,1000702,4098,97
1677,1000702,14797,796
1678,1000703,2583,582
1679,1000703,5526,525
1680,1000703,6346,345
1681,1000703,10396,395
1682,1000703,11643,642
1683,1000703,15859,858
1684,1000703,15964,963
1685,1000703,19119,118
1686,1000704,3886,885
1687,1000704,14412,411
1688,1000705,1525,524
1689,1000705,13173,172
1690,1000705,14459,458
1691,1000706,2120,119
1692,1000706,11260,259
1693,1000706,12738,737
1694,1000706,16145,144
1695,1000706,19939,938
1696,1000707,469,468
1697,1000707,14778,777
1698,1000707,16692,691
1699,1000708,6438,437
1700,1000708,7173,172
1701,1000709,10125,124
1702,1000709,11977,976
1703,1000709,17496,495
1704,1000710,6382,381
1705,1000712,4892,891
1706,1000713,6808,807
1707,1000713,7830,829
1708,1000713,11470,469
1709,1000714,14046,45
1710,1000715,2014,13
1711,1000715,9755,754
1712,1000716,14883,882
1713,1000718,1350,349
1714,1000718,5103,102
1715,1000718,17109,108
1716,1000721,7497,496
1717,1000721,12197,196
1718,1000722,1486,485
1719,1000722,4933,932
1720,1000722,5250,249
1721,1000722,8133,132
1722,1000722,14374,373
1723,1000723,12431,430
1724,1000723,16522,521
1725,1000724,10902,901
1726,1000725,4358,357
1727,1000725,8307,306
1728,1000725,11676,675
1729,1000725,16121,120
1730,1000725,16891,890
1731,1000725,19219,218
1732,1000726,11245,244
1733,1000727,6036,35
1734,1000727,14497,496
1735,1000727,17501,500
1736,1000728,18130,129
1737,1000729,3094,93
1738,1000729,14661,660
1739,1000730,175,174
1740,1000731,4547,546
1741,1000731,5264,263
1742,1000731,6001,0
1743,1000731,14703,702
1744,1000731,15191,190
1745,1000732,3721,720
1746,1000732,12124,123
1747,1000733,19026,25
1748,1000734,13488,487
1749,1000735,9341,340
1750,1000735,11689,688
1751,1000735,18418,417
1752,1000736,18101,100
1753,1000736,19523,522
1754,1000737,6205,204
1755,1000737,7771,770
1756,1000738,19673,672
1757,1000739,6334,333
1758,1000739,7643,642
1759,1000739,9942,941
1760,1000740,14494,493
1761,1000741,15180,179
1762,1000741,17515,514
1763,1000742,4552,551
1764,1000742,6888,887
1765,1000742,12746,745
1766,1000743,1556,555
1767,1000743,3588,587
1768,1000744,8057,56
1769,1000745,2438,437
1770,1000745,5531,530
1771,1000745,17381,380
1772,1000745,19267,266
1773,1000746,11961,960
1774,1000746,16443,442
1775,1000748,6291,290
1776,1000748,16311,310
1777,1000750,10884,883
1778,1000750,14922,921
1779,1000751,15408,407
1780,1000752,547,546
1781,1000752,3474,473
1782,1000753,9832,831
1783,1000754,18307,306
1784,1000755,25,24
1785,1000756,3859,858
1786,1000756,13567,566
1787,1000757,8901,900
1788,1000757,12914,913
1789,1000757,17106,105
1790,1000759,2539,538
1791,1000759,9202,201
1792,1000759,11356,355
1793,1000759,12125,124
1794,1000759,19865,864
1795,1000761,16267,266
1796,1000762,6618,617
1797,1000763,6830,829
1798,1000763,7944,943
1799,1000763,11575,574
1800,1000763,12385,384
1801,1000763,18313,312
1802,1000763,19693,692
1803,1000764,11276,275
1804,1000764,13535,534
1805,1000764,13933,932
1806,1000764,18783,782
1807,1000765,7741,740
1808,1000769,9286,285
1809,1000769,10654,653
1810,1000769,18835,834
1811,1000770,7561,560
1812,1000770,11090,89
1813,1000770,15488,487
1814,1000770,16428,427
1815,1000771,17598,597
1816,1000772,2204,203
1817,1000772,9363,362
1818,1000773,4164,163
1819,1000773,8614,613
1820,1000774,12090,89
1821,1000774,12790,789
1822,1000774,15684,683
1823,1000774,17105,104
1824,1000775,5115,114
1825,1000775,12714,713
1826,1000775,19664,663
1827,1000776,475,474
1828,1000776,1790,789
1829,1000776,9014,13
1830,1000777,12816,815
1831,1000778,187,186
1832,1000778,9931,930
1833,1000778,12035,34
1834,1000778,19658,657
1835,1000780,3738,737
1836,1000780,7146,145
1837,1000780,15988,987
1838,1000780,19873,872
1839,1000781,6978,977
1840,1000782,1617,616
1841,1000782,15307,306
1842,1000783,8399,398
1843,1000784,3057,56
1844,1000785,8159,158
1845,1000785,10546,545
1846,1000785,11823,822
1847,1000785,11872,871
1848,1000785,15860,859
1849,1000785,18721,720
1850,1000786,14334,333
1851,1000787,897,896
1852,1000787,14499,498
1853,1000788,7054,53
1854,1000788,7553,552
1855,1000788,9256,255
1856,1000788,10873,872
1857,1000788,11924,923
1858,1000789,2340,339
1859,1000789,8697,696
1860,1000789,12165,164
1861,1000790,3713,712
1862,1000790,8944,943
1863,1000791,8848,847
1864,1000791,11921,920
1865,1000792,14199,198
1866,1000792,15435,434
1867,1000793,808,807
1868,1000793,9356,355
1869,1000794,6425,424
1870,1000794,10688,687
1871,1000794,15193,192
1872,1000795,7895,894
1873,1000795,19936,935
1874,1000795,20000,999
1875,1000796,6021,20
1876,1000796,13350,349
1877,1000796,14432,431
1878,1000796,17600,599
1879,1000797,3816,815
1880,1000798,11439,438
1881,1000799,9324,323
1882,1000800,11335,334
1883,1000801,3532,531
1884,1000802,9396,395
1885,1000803,9710,709
1886,1000803,11066,65
1887,1000803,11530,529
1888,1000804,4621,620
1889,1000804,6772,771
1890,1000804,10514,513
1891,1000804,13601,600
1892,1000804,18242,241
1893,1000805,197,196
1894,1000805,1358,357
1895,1000805,10222,221
1896,1000805,11846,845
1897,1000806,4455,454
1898,1000807,6508,507
1899,1000808,4580,579
1900,1000809,10484,483
1901,1000810,10672,671
1902,1000810,10936,935
1903,1000810,12144,143
1904,1000811,12565,564
1905,1000811,12588,587
1906,1000811,18968,967
1907,1000812,8165,164
1908,1000812,12245,244
1909,1000812,19478,477
1910,1000813,3119,118
1911,1000814,13185,184
1912,1000814,14119,118
1913,1000814,14860,859
1914,1000816,9099,98
1915,1000816,14232,231
1916,1000816,16368,367
1917,1000816,18196,195
1918,1000818,5589,588
1919,1000818,6722,721
1920,1000818,13102,101
1921,1000819,3543,542
1922,1000820,13474,473
1923,1000821,11461,460
1924,1000821,18776,775
1925,1000822,7571,570
1926,1000822,15022,21
1927,1000823,13286,285
1928,1000825,13661,660
1929,1000825,15544,543
1930,1000825,18452,451
1931,1000826,11101,100
1932,1000826,11618,617
1933,1000827,16307,306
1934,1000828,7218,217
1935,1000828,14730,729
1936,1000829,16155,154
1937,1000831,790,789
1938,1000832,6492,491
1939,1000832,14676,675
1940,1000833,6145,144
1941,1000834,10823,822
1942,1000835,7037,36
1943,1000835,9992,991
1944,1000836,11764,763
1945,1000837,14275,274
1946,1000838,15250,249
1947,1000839,4571,570
1948,1000839,9557,556
1949,1000839,14191,190
1950,1000840,1132,131
1951,1000840,8397,396
1952,1000840,10600,599
1953,1000841,13439,438
1954,1000841,18023,22
1955,1000843,549,548
1956,1000843,9597,596
1957,1000844,6516,515
1958,1000844,18607,606
1959,1000845,8202,201
1960,1000845,11445,444
1961,1000847,346,345
1962,1000847,4895,894
1963,1000847,11722,721
1964,1000848,7288,287
1965,1000849,18773,772
1966,1000852,4878,877
1967,1000852,19397,396
1968,1000853,9650,649
1969,1000854,3361,360
1970,1000854,18808,807
1971,1000855,5763,762
1972,1000855,9526,525
1973,1000856,15505,504
1974,1000857,1424,423
1975,1000857,10957,956
1976,1000859,9987,986
1977,1000859,17450,449
1978,1000860,16361,360
1979,1000861,1375,374
1980,1000863,4904,903
1981,1000863,10617,616
1982,1000863,16016,15
1983,1000864,5625,624
1984,1000864,9393,392
1985,1000864,17714,713
1986,1000865,18800,799
1987,1000867,80,79
1988,1000868,607,606
1989,1000868,19226,225
1990,1000868,19578,577
1991,1000870,7437,436
1992,1000870,13766,765
1993,1000871,7502,501
1994,1000872,7628,627
1995,1000872,12438,437
1996,1000872,19461,460
1997,1000873,2818,817
1998,1000873,5714,713
1999,1000873,8683,682
2000,1000874,9588,587
2001,1000875,5448,447
2002,1000875,8972,971
2003,1000875,9038,37
2004,1000875,9156,155
2005,1000876,4418,417
2006,1000876,7251,250
2007,1000877,12262,261
2008,1000878,11349,348
2009,1000878,17118,117
2010,1000878,19600,599
2011,1000880,9585,584
2012,1000880,11275,274
2013,1000880,19197,196
2014,1000881,2350,349
2015,1000882,10276,275
2016,1000882,10338,337
2017,1000882,19997,996
2018,1000883,5532,531
2019,1000883,16694,693
2020,1000884,557,556
2021,1000884,5904,903
2022,1000885,6607,606
2023,1000885,10240,239
2024,1000885,16387,386
2025,1000886,5438,437
2026,1000886,12530,529
2027,1000886,13071,70
2028,1000887,2707,706
2029,1000888,5862,861
2030,1000888,11325,324
2031,1000889,10470,469
2032,1000889,17363,362
2033,1000889,19326,325
2034,1000890,12739,738
2035,1000890,15886,885
2036,1000891,6265,264
2037,1000891,6761,760
2038,1000892,4183,182
2039,1000893,2267,266
2040,1000893,9279,278
2041,1000893,18820,819
2042,1000895,593,592
2043,1000895,6476,475
2044,1000895,13549,548
2045,1000895,18616,615
2046,1000895,18730,729
2047,1000895,19268,267
2048,1000896,183,182
2049,1000897,3571,570
2050,1000897,5830,829
2051,1000898,4753,752
2052,1000898,8347,346
2053,1000898,11419,418
2054,1000899,3276,275
2055,1000899,3899,898
2056,1000899,5941,940
2057,1000899,6670,669
2058,1000900,7135,134
2059,1000900,14553,552
2060,1000900,15695,694
2061,1000901,6439,438
2062,1000902,721,720
2063,1000902,4934,933
2064,1000902,7228,227
2065,1000902,13175,174
2066,1000903,3256,255
2067,1000904,17476,475
2068,1000906,5070,69
2069,1000907,15187,186
2070,1000907,19854,853
2071,1000909,5745,744
2072,1000909,7470,469
2073,1000909,10475,474
2074,1000910,2815,814
2075,1000910,8627,626
2076,1000910,15433,432
2077,1000910,17630,629
2078,1000911,290,289
2079,1000911,2044,43
2080,1000911,3040,39
2081,1000911,17185,184
2082,1000912,416,415
2083,1000912,10794,793
2084,1000912,15782,781
2085,1000914,8724,723
2086,1000914,10150,149
2087,1000916,8993,992
2088,1000916,9192,191
2089,1000917,603,602
2090,1000917,19411,410
2091,1000918,15177,176
2092,1000919,6891,890
2093,1000919,10296,295
2094,1000919,14528,527
2095,1000919,17214,213
2096,1000920,6152,151
2097,1000921,1374,373
2098,1000922,3229,228
2099,1000922,4516,515
2100,1000922,10550,549
2101,1000922,18805,804
2102,1000923,11416,415
2103,1000923,11604,603
2104,1000923,12706,705
2105,1000924,8843,842
2106,1000924,18290,289
2107,1000925,1725,724
2108,1000926,15817,816
2109,1000927,3389,388
2110,1000929,1339,338
2111,1000930,6525,524
2112,1000931,15927,926
2113,1000931,17516,515
2114,1000933,8404,403
2115,1000935,2192,191
2116,1000935,11890,889
2117,1000937,13368,367
2118,1000938,4256,255
2119,1000938,18526,525
2120,1000939,3516,515
2121,1000940,14653,652
2122,1000941,9055,54
2123,1000941,13400,399
2124,1000942,1699,698
2125,1000943,10098,97
2126,1000944,4011,10
2127,1000944,5540,539
2128,1000945,13291,290
2129,1000945,16587,586
2130,1000945,17544,543
2131,1000946,9918,917
2132,1000947,16475,474
2133,1000948,4586,585
2134,1000949,678,677
2135,1000949,2146,145
2136,1000949,9734,733
2137,1000949,12415,414
2138,1000950,10526,525
2139,1000950,14668,667
2140,1000952,7197,196
2141,1000953,9164,163
2142,1000953,10563,562
2143,1000953,14460,459
2144,1000953,19883,882
2145,1000954,3054,53
2146,1000954,5692,691
2147,1000954,9786,785
2148,1000956,1590,589
2149,1000956,9997,996
2150,1000956,10653,652
2151,1000956,10735,734
2152,1000957,12640,639
2153,1000958,8611,610
2154,1000959,8029,28
2155,1000960,4146,145
2156,1000960,6946,945
2157,1000960,18140,139
2158,1000960,19402,401
2159,1000961,12171,170
2160,1000961,18105,104
2161,1000963,720,719
2162,1000963,8928,927
2163,1000963,13472,471
2164,1000965,10167,166
2165,1000966,1719,718
2166,1000966,11144,143
2167,1000966,15409,408
2168,1000967,2470,469
2169,1000970,17079,78
2170,1000971,14389,388
2171,1000972,7710,709
2172,1000972,13931,930
2173,1000972,15153,152
2174,1000972,16164,163
2175,1000974,10968,967
2176,1000975,292,291
2177,1000975,3008,7
2178,1000975,14895,894
2179,1000975,19389,388
2180,1000976,1934,933
2181,1000976,18586,585
2182,1000977,287,286
2183,1000977,2021,20
2184,1000977,18306,305
2185,1000978,19424,423
2186,1000979,11939,938
2187,1000979,13278,277
2188,1000979,16460,459
2189,1000980,2087,86
2190,1000980,8382,381
2191,1000980,10481,480
2192,1000982,912,911
2193,1000982,5608,607
2194,1000982,11133,132
2195,1000983,12749,748
2196,1000984,869,868
2197,1000985,3243,242
2198,1000986,15506,505
2199,1000986,17928,927
2200,1000986,19597,596
2201,1000989,1780,779
2202,1000990,13907,906
2203,1000993,2439,438
2204,1000993,13884,883
2205,1000998,19644,643
2206,1000999,9054,53
2207,1001001,5291,290
2208,1001002,13393,392
2209,1001003,8152,151
2210,1001004,19118,117
2211,1001008,5753,752
2212,1001012,3103,102
2213,1001012,8660,659
2214,1001012,12648,647
2215,1001013,16104,103
2216,1001013,16612,611
2217,1001013,18792,791
2218,1001014,19933,932
2219,1001015,17129,128
2220,1001016,1047,46
2221,1001016,2029,28
2222,1001017,9849,848
2223,1001017,19228,227
2224,1001018,10868,867
2225,1001018,13232,231
2226,1001018,17904,903
2227,1001019,7096,95
2228,1001020,12153,152
2229,1001020,12722,721
2230,1001021,17412,411
2231,1001024,13156,155
2232,1001024,15630,629
2233,1001024,17858,857
2234,1001024,19229,228
2235,1001026,18632,631
2236,1001027,2110,109
2237,1001028,3038,37
2238,1001029,14742,741
2239,1001031,9134,133
2240,1001032,6432,431
2241,1001032,15284,283
2242,1001033,7486,485
2243,1001036,10878,877
2244,1001036,14250,249
2245,1001036,19224,223
2246,1001037,10115,114
2247,1001038,3486,485
2248,1001038,12330,329
2249,1001038,16885,884
2250,1001039,1644,643
2251,1001039,4503,502
2252,1001039,9485,484
2253,1001041,10912,911
2254,1001041,16032,31
2255,1001042,2356,355
2256,1001043,9749,748
2257,1001045,6728,727
2258,1001046,5049,48
2259,1001046,10984,983
2260,1001048,434,433
2261,1001048,13059,58
2262,1001049,14461,460
2263,1001050,5417,416
2264,1001050,16040,39
2265,1001050,19366,365
2266,1001051,13717,716
2267,1001052,681,680
2268,1001052,7064,63
2269,1001053,7688,687
2270,1001053,9024,23
2271,1001054,11467,466
2272,1001054,18756,755
2273,1001054,19032,31
2274,1001055,15516,515
2275,1001056,4661,660
2276,1001057,4739,738
2277,1001057,5607,606
2278,1001057,12381,380
2279,1001057,15756,755
2280,1001057,17183,182
2281,1001060,617,616
2282,1001060,7282,281
2283,1001060,12359,358
2284,1001060,13723,722
2285,1001061,5601,600
2286,1001061,15540,539
2287,1001062,763,762
2288,1001063,2287,286
2289,1001064,14164,163
2290,1001064,18062,61
2291,1001065,8875,874
2292,1001068,8108,107
2293,1001070,11298,297
2294,1001073,6959,958
2295,1001075,87,86
2296,1001076,4953,952
2297,1001076,6992,991
2298,1001076,11553,552
2299,1001076,18772,771
2300,1001078,5237,236
2301,1001080,3444,443
2302,1001081,6769,768
2303,1001081,10944,943
2304,1001082,19621,620
2305,1001083,102,101
2306,1001083,16624,623
2307,1001085,6368,367
2308,1001085,11948,947
2309,1001086,11278,277
2310,1001088,3860,859
2311,1001088,4470,469
2312,1001088,18238,237
2313,1001091,11402,401
2314,1001093,2407,406
2315,1001093,3735,734
2316,1001094,4225,224
2317,1001094,10103,102
2318,1001094,11818,817
2319,1001095,19635,634
2320,1001096,17826,825
2321,1001096,18204,203
2322,1001097,5788,787
2323,1001097,6338,337
2324,1001097,16126,125
2325,1001099,5544,543
2326,1001100,17405,404
2327,1001101,19221,220
2328,1001102,8563,562
2329,1001105,3979,978
2330,1001106,2708,707
2331,1001106,15132,131
2332,1001107,18886,885
2333,1001108,17883,882
2334,1001113,11158,157
2335,1001114,14918,917
2336,1001115,5251,250
2337,1001116,14380,379
2338,1001117,9287,286
2339,1001118,8634,633
2340,1001119,3589,588
2341,1001120,11206,205
2342,1001122,5135,134
2343,1001122,10218,217
2344,1001123,18683,682
2345,1001125,14544,543
2346,1001127,15437,436
2347,1001127,19398,397
2348,1001129,5694,693
2349,1001129,9004,3
2350,1001129,11359,358
2351,1001129,16465,464
2352,1001130,15298,297
2353,1001130,15799,798
2354,1001131,8338,337
2355,1001132,644,643
2356,1001136,5503,502
2357,1001136,18817,816
2358,1001137,4745,744
2359,1001138,19974,973
2360,1001139,12725,724
2361,1001140,6528,527
2362,1001142,12075,74
2363,1001143,2787,786
2364,1001144,5453,452
2365,1001145,884,883
2366,1001147,8322,321
2367,1001148,17862,861
2368,1001149,3452,451
2369,1001151,9587,586
2370,1001152,11055,54
2371,1001153,3967,966
2372,1001154,6547,546
2373,1001154,8851,850
2374,1001154,11322,321
2375,1001156,19718,717
2376,1001156,19888,887
2377,1001157,5689,688
2378,1001158,2895,894
2379,1001159,4364,363
2380,1001159,8646,645
2381,1001159,17502,501
2382,1001161,3402,401
2383,1001161,15267,266
2384,1001162,15251,250
2385,1001162,18726,725
2386,1001163,3804,803
2387,1001163,3953,952
2388,1001163,17070,69
2389,1001164,9022,21
2390,1001164,16102,101
2391,1001165,1570,569
2392,1001165,17212,211
2393,1001165,18383,382
2394,1001165,19976,975
2395,1001166,10381,380
2396,1001167,16230,229
2397,1001168,5100,99
2398,1001168,17189,188
2399,1001169,1740,739
2400,1001170,9372,371
2401,1001171,5038,37
2402,1001172,1024,23
2403,1001174,5672,671
2404,1001174,14694,693
2405,1001175,1625,624
2406,1001176,6726,725
2407,1001177,1967,966
2408,1001178,3585,584
2409,1001179,12419,418
2410,1001180,1317,316
2411,1001180,10008,7
2412,1001181,13034,33
2413,1001181,17470,469
2414,1001181,19934,933
2415,1001182,1379,378
2416,1001187,219,218
2417,1001187,14783,782
2418,1001190,3514,513
2419,1001191,10967,966
2420,1001192,14127,126
2421,1001192,17839,838
2422,1001193,14173,172
2423,1001193,19611,610
2424,1001194,15285,284
2425,1001195,7442,441
2426,1001195,13078,77
2427,1001196,6085,84
2428,1001197,15025,24
2429,1001198,8502,501
2430,1001198,10370,369
2431,1001199,6634,633
2432,1001201,4648,647
2433,1001201,5206,205
2434,1001201,15385,384
2435,1001201,17203,202
2436,1001204,16880,879
2437,1001206,11128,127
2438,1001207,16726,725
2439,1001208,16722,721
2440,1001212,10875,874
2441,1001212,16059,58
2442,1001213,11549,548
2443,1001214,13878,877
2444,1001215,11431,430
2445,1001215,12499,498
2446,1001217,8047,46
2447,1001217,11504,503
2448,1001218,19035,34
2449,1001220,13454,453
2450,1001221,6269,268
2451,1001225,10635,634
2452,1001226,6187,186
2453,1001227,19351,350
2454,1001228,3687,686
2455,1001229,11919,918
2456,1001230,5221,220
2457,1001233,12907,906
2458,1001233,13244,243
2459,1001234,18602,601
2460,1001235,4698,697
2461,1001235,19563,562
2462,1001236,12543,542
2463,1001236,18128,127
2464,1001237,12454,453
2465,1001238,7086,85
2466,1001239,3297,296
2467,1001239,8714,713
2468,1001241,1394,393
2469,1001242,8678,677
2470,1001246,3607,606
2471,1001248,2093,92
2472,1001249,1458,457
2473,1001250,14707,706
2474,1001250,17535,534
2475,1001251,2196,195
2476,1001251,19205,204
2477,1001254,17322,321
2478,1001255,13227,226
2479,1001256,13195,194
2480,1001260,6851,850
2481,1001261,6366,365
2482,1001261,12819,818
2483,1001262,1899,898
2484,1001262,2573,572
2485,1001264,7240,239
2486,1001266,3569,568
2487,1001269,3187,186
2488,1001270,3455,454
2489,1001275,12273,272
2490,1001279,5442,441
2491,1001279,10997,996
2492,1001281,2624,623
2493,1001281,11071,70
2494,1001282,3287,286
2495,1001282,10278,277
2496,1001284,879,878
2497,1001284,15146,145
2498,1001285,5240,239
2499,1001288,11292,291
2500,1001288,17604,603
2501,1001290,16381,380
2502,1001293,1946,945
2503,1001293,14660,659
2504,1001293,17683,682
2505,1001297,8232,231
2506,1001298,15546,545
2507,1001303,10303,302
2508,1001305,1710,709
2509,1001306,13256,255
2510,1001308,19614,613
2511,1001309,140,139
2512,1001310,19164,163
2513,1001311,16863,862
2514,1001311,19034,33
2515,1001312,5936,935
2516,1001312,10567,566
2517,1001314,2969,968
2518,1001314,13741,740
2519,1001314,18209,208
2520,1001315,2854,853
2521,1001315,10285,284
2522,1001317,10755,754
2523,1001318,6059,58
2524,1001319,4137,136
2525,1001319,6128,127
2526,1001319,8919,918
2527,1001320,8193,192
2528,1001321,17264,263
2529,1001322,4367,366
2530,1001322,5330,329
2531,1001322,8358,357
2532,1001322,14520,519
2533,1001325,1907,906
2534,1001325,10616,615
2535,1001325,19203,202
2536,1001326,8995,994
2537,1001326,16239,238
2538,1001327,14779,778
2539,1001328,17383,382
2540,1001329,14059,58
2541,1001329,14128,127
2542,1001330,4593,592
2543,1001330,8087,86
2544,1001331,14885,884
2545,1001332,9635,634
2546,1001333,2086,85
2547,1001333,16470,469
2548,1001333,17897,896
2549,1001334,19061,60
2550,1001336,17609,608
2551,1001336,18731,730
2552,1001337,7170,169
2553,1001339,11851,850
2554,1001341,5863,862
2555,1001342,7029,28
2556,1001343,3338,337
2557,1001344,14118,117
2558,1001345,15739,738
2559,1001346,741,740
2560,1001347,16049,48
2561,1001351,16918,917
2562,1001352,3167,166
2563,1001352,9349,348
2564,1001353,9289,288
2565,1001353,13545,544
2566,1001356,10861,860
2567,1001358,16963,962
2568,1001359,11038,37
2569,1001362,3927,926
2570,1001362,16232,231
2571,1001363,12073,72
2572,1001364,5126,125
2573,1001365,17727,726
2574,1001366,14381,380
2575,1001368,1447,446
2576,1001369,11687,686
2577,1001370,2985,984
2578,1001370,14099,98
2579,1001370,18824,823
2580,1001377,5848,847
2581,1001377,6569,568
2582,1001377,8405,404
2583,1001377,10369,368
2584,1001378,608,607
2585,1001378,4021,20
2586,1001378,9015,14
2587,1001379,13569,568
2588,1001379,16579,578
2589,1001380,6317,316
2590,1001380,10015,14
2591,1001381,2111,110
2592,1001381,6169,168
2593,1001382,15179,178
2594,1001385,19660,659
2595,1001386,15507,506
2596,1001387,5035,34
2597,1001389,6307,306
2598,1001389,15182,181
2599,1001390,1708,707
2600,1001391,17854,853
2601,1001392,10310,309
2602,1001392,13104,103
2603,1001393,19726,725
2604,1001397,2766,765
2605,1001402,11383,382
2606,1001403,959,958
2607,1001406,8723,722
2608,1001407,7092,91
2609,1001408,2927,926
2610,1001408,9901,900
2611,1001408,18267,266
2612,1001411,2595,594
2613,1001412,1867,866
2614,1001413,5476,475
2615,1001414,19579,578
2616,1001415,1002,1
2617,1001426,4002,1
2618,1001427,5872,871
2619,1001428,18235,234
2620,1001431,6613,612
2621,1001433,8206,205
2622,1001435,10307,306
2623,1001437,16287,286
2624,1001437,17177,176
2625,1001440,36,35
2626,1001440,11624,623
2627,1001440,12741,740
2628,1001444,5193,192
2629,1001445,8478,477
2630,1001448,411,410
2631,1001449,13317,316
2632,1001450,11972,971
2633,1001451,17197,196
2634,1001452,11695,694
2635,1001454,19544,543
2636,1001457,1289,288
2637,1001462,4476,475
2638,1001463,18358,357
2639,1001464,3919,918
2640,1001464,15059,58
2641,1001468,2799,798
2642,1001469,18884,883
2643,1001470,2317,316
2644,1001471,5083,82
2645,1001475,12875,874
2646,1001476,8632,631
2647,1001479,2168,167
2648,1001479,15102,101
2649,1001481,7083,82
2650,1001484,9808,807
2651,1001487,5690,689
2652,1001487,13433,432
2653,1001488,10656,655
2654,1001488,11289,288
2655,1001493,9146,145
2656,1001494,5877,876
2657,1001494,19927,926
2658,1001496,17566,565
2659,1001497,16400,399
2660,1001497,19227,226
2661,1001498,15659,658
2662,1001499,3726,725
2663,1001499,10225,224
2664,1001500,818,817
2665,1001500,2202,201
2666,1001500,10573,572
2667,1001500,15033,32
2668,1001502,6863,862
2669,1001503,6534,533
2670,1001508,18330,329
2671,1001509,6575,574
2672,1001510,19317,316
2673,1001513,1080,79
2674,1001522,3797,796
2675,1001522,19475,474
2676,1001523,5644,643
2677,1001525,19037,36
2678,1001525,19213,212
2679,1001525,19251,250
2680,1001526,19291,290
2681,1001528,8285,284
2682,1001529,13945,944
2683,1001534,2681,680
2684,1001542,4944,943
2685,1001543,452,451
2686,1001546,11859,858
2687,1001553,8924,923
2688,1001556,13349,348
2689,1001558,1459,458
2690,1001558,14495,494
2691,1001565,3878,877
2692,1001568,852,851
2693,1001568,14092,91
2694,1001569,12416,415
2695,1001571,5277,276
2696,1001572,8769,768
2697,1001577,17111,110
2698,1001578,9682,681
2699,1001581,2381,380
2700,1001582,11111,110
2701,1001584,4167,166
2702,1001587,4347,346
2703,1001591,168,167
2704,1001592,11367,366
2705,1001593,7011,10
2706,1001597,18819,818
2707,1001600,13004,3
2708,1001601,8416,415
2709,1001603,1021,20
2710,1001604,14364,363
2711,1001613,1290,289
2712,1001613,11237,236
2713,1001616,7342,341
2714,1001619,92,91
2715,1001622,12720,719
2716,1001627,16422,421
2717,1001631,18411,410
2718,1001632,799,798
2719,1001632,14316,315
2720,1001633,11375,374
2721,1001635,9205,204
2722,1001636,12432,431
2723,1001636,15965,964
2724,1001637,14739,738
2725,1001637,15380,379
2726,1001638,14786,785
2727,1001643,16057,56
2728,1001647,13976,975
2729,1001650,10922,921
2730,1001656,19028,27
2731,1001658,5375,374
2732,1001658,15788,787
2733,1001662,10011,10
2734,1001664,10363,362
2735,1001666,15530,529
2736,1001670,6251,250
2737,1001671,13204,203
2738,1001675,11065,64
2739,1001675,18799,798
2740,1001678,7536,535
2741,1001681,2380,379
2742,1001681,12322,321
2743,1001689,17240,239
2744,1001690,9630,629
2745,1001691,4028,27
2746,1001694,9235,234
2747,1001698,12627,626
2748,1001701,18087,86
2749,1001707,17557,556
2750,1001708,11969,968
2751,1001708,18059,58
2752,1001710,13739,738
2753,1001710,15366,365
2754,1001711,19948,947
2755,1001713,817,816
2756,1001713,13919,918
2757,1001713,18098,97
2758,1001715,9823,822
2759,1001715,11213,212
2760,1001717,2682,681
2761,1001719,3963,962
2762,1001721,18145,144
2763,1001722,19973,972
2764,1001725,9530,529
2765,1001726,13786,785
2766,1001727,15206,205
2767,1001736,12367,366
2768,1001744,12469,468
2769,1001746,8973,972
2770,1001749,16682,681
2771,1001751,5522,521
2772,1001751,14205,204
2773,1001752,14985,984
2774,1001756,17087,86
2775,1001758,5569,568
2776,1001762,9676,675
2777,1001763,11364,363
2778,1001765,9670,669
2779,1001770,6243,242
2780,1001774,13389,388
2781,1001777,11303,302
2782,1001785,14849,848
2783,1001786,6311,310
2784,1001788,2849,848
2785,1001798,9852,851
2786,1001799,6530,529
2787,1001802,4858,857
2788,1001809,13573,572
2789,1001810,8076,75
2790,1001814,13061,60
2791,1001818,16372,371
2792,1001819,13968,967
2793,1001820,5144,143
2794,1001824,6735,734
2795,1001824,17891,890
2796,1001829,9586,585
2797,1001831,2863,862
2798,1001831,17004,3
2799,1001837,5593,592
2800,1001841,14198,197
2801,1001843,241,240
2802,1001843,2594,593
2803,1001845,6204,203
2804,1001845,14470,469
2805,1001847,16011,10
2806,1001849,11192,191
2807,1001853,14137,136
2808,1001855,4466,465
2809,1001856,18901,900
2810,1001859,2632,631
2811,1001863,17179,178
2812,1001864,11525,524
2813,1001866,2995,994
2814,1001870,1221,220
2815,1001871,5901,900
2816,1001872,4694,693
2817,1001874,3912,911
2818,1001874,13202,201
2819,1001876,5665,664
2820,1001881,3001,0
2821,1001881,13382,381
2822,1001882,15196,195
2823,1001884,5632,631
2824,1001904,8349,348
2825,1001907,359,358
2826,1001909,18763,762
2827,1001912,1858,857
2828,1001912,14025,24
2829,1001916,8396,395
2830,1001917,8534,533
2831,1001918,2773,772
2832,1001924,12901,900
2833,1001926,2383,382
2834,1001926,14167,166
2835,1001931,9382,381
2836,1001934,10158,157
2837,1001938,6481,480
2838,1001938,15057,56
2839,1001938,16824,823
2840,1001944,1250,249
2841,1001950,10971,970
2842,1001955,2727,726
2843,1001957,5359,358
2844,1001959,17277,276
2845,1001961,18287,286
2846,1001965,16874,873
2847,1001972,5525,524
2848,1001972,8698,697
2849,1001984,3892,891
2850,1001985,18096,95
2851,1001989,7044,43
2852,1001996,9017,16
2853,1001996,13830,829
2854,1001996,15901,900
2855,1002006,19352,351
2856,1002012,19595,594
2857,1002018,18126,125
2858,1002022,12698,697
2859,1002023,12824,823
2860,1002024,3634,633
2861,1002030,9875,874
2862,1002034,4867,866
2863,1002035,3565,564
2864,1002035,7720,719
2865,1002036,9221,220
2866,1002040,12046,45
2867,1002041,2547,546
2868,1002048,6794,793
2869,1002051,18714,713
2870,1002052,213,212
2871,1002055,3772,771
2872,1002061,12168,167
2873,1002063,13038,37
2874,1002072,19284,283
2875,1002077,14780,779
2876,1002082,10544,543
2877,1002088,1587,586
2878,1002088,11599,598
2879,1002103,8080,79
2880,1002105,3237,236
2881,1002107,5076,75
2882,1002122,7455,454
2883,1002125,13046,45
2884,1002125,14859,858
2885,1002150,1092,91
2886,1002151,3085,84
2887,1002151,9133,132
2888,1002153,14011,10
2889,1002173,2416,415
2890,1002173,13251,250
2891,1002176,19033,32
2892,1002176,19298,297
2893,1002177,1277,276
2894,1002180,18495,494
2895,1002183,3941,940
2896,1002190,17618,617
2897,1002195,2872,871
2898,1002200,10739,738
2899,1002204,11033,32
2900,1002218,18611,610
2901,1002219,19525,524
2902,1002222,6218,217
2903,1002228,8739,738
2904,1002238,9206,205
2905,1002241,5389,388
2906,1002241,17278,277
2907,1002246,16158,157
2908,1002252,76,75
2909,1002252,4824,823
2910,1002261,19665,664
2911,1002275,14593,592
2912,1002276,13465,464
2913,1002277,5945,944
2914,1002278,7495,494
2915,1002287,3002,1
2916,1002305,5735,734
2917,1002306,13167,166
2918,1002319,12745,744
2919,1002320,15852,851
2920,1002323,5630,629
2921,1002349,14933,932
2922,1002352,5884,883
2923,1002355,6244,243
2924,1002365,12985,984
2925,1002367,10769,768
2926,1002369,12786,785
2927,1002374,19394,393
2928,1002376,16017,16
2929,1002377,1243,242
2930,1002384,9076,75
2931,1002384,14340,339
2932,1002388,19289,288
2933,1002390,4298,297
2934,1002391,7059,58
2935,1002395,1875,874
2936,1002405,9046,45
2937,1002408,6033,32
2938,1002410,5284,283
2939,1002422,10786,785
2940,1002424,4863,862
2941,1002425,10534,533
2942,1002430,4363,362
2943,1002444,17504,503
2944,1002454,12316,315
2945,1002457,15638,637
2946,1002458,6823,822
2947,1002459,1878,877
2948,1002462,5555,554
2949,1002472,10230,229
2950,1002473,316,315
2951,1002478,10452,451
2952,1002481,4852,851
2953,1002497,12797,796
2954,1002507,13073,72
2955,1002522,3638,637
2956,1002522,10137,136
2957,1002525,1634,633
2958,1002527,7507,506
2959,1002534,13396,395
2960,1002535,19340,339
2961,1002536,769,768
2962,1002536,10118,117
2963,1002542,5997,996
2964,1002550,17621,620
2965,1002563,1111,110
2966,1002565,13171,170
2967,1002572,8340,339
2968,1002575,4465,464
2969,1002580,13235,234
2970,1002582,5874,873
2971,1002585,13358,357
2972,1002594,17940,939
2973,1002609,19698,697
2974,1002625,11933,932
2975,1002640,7179,178
2976,1002660,14839,838
2977,1002685,2848,847
2978,1002686,16045,44
2979,1002697,3791,790
2980,1002701,10632,631
2981,1002702,5367,366
2982,1002704,8525,524
2983,1002718,13126,125
2984,1002768,9745,744
2985,1002772,19358,357
2986,1002782,11339,338
2987,1002785,18476,475
2988,1002787,12791,790
2989,1002800,19639,638
2990,1002836,10126,125
2991,1002857,7725,724
2992,1002863,1469,468
2993,1002863,6017,16
2994,1002872,18017,16
2995,1002877,18555,554
2996,1002889,17676,675
2997,1002892,16819,818
2998,1002898,2179,178
2999,1002901,16237,236
3000,1002923,1682,681
3001,1002944,10095,94
3002,1002955,945,944
3003,1002962,5739,738
3004,1002988,16452,451
3005,1002999,10347,346
3006,1003005,2851,850
3007,1003018,6326,325
3008,1003018,10722,721
3009,1003044,8469,468
3010,1003054,9025,24
3011,1003056,10848,847
3012,1003056,12826,825
3013,1003059,16919,918
3014,1003062,244,243
3015,1003083,19872,871
3016,1003088,12575,574
3017,1003091,9244,243
3018,1003091,18137,136
3019,1003093,12842,841
3020,1003112,18877,876
3021,1003125,12310,309
3022,1003126,13815,814
3023,1003132,16382,381
3024,1003151,19396,395
3025,1003152,13128,127
3026,1003166,8235,234
3027,1003180,4264,263
3028,1003198,9237,236
3029,1003199,7618,617
3030,1003202,8046,45
3031,1003213,15504,503
3032,1003217,11389,388
3033,1003235,19179,178
3034,1003240,10536,535
3035,1003282,1799,798
3036,1003287,3080,79
3037,1003293,7852,851
3038,1003309,4065,64
3039,1003322,9851,850
3040,1003324,16794,793
3041,1003335,2092,91
3042,1003341,9065,64
3043,1003365,18205,204
3044,1003381,7079,78
3045,1003388,6297,296
3046,1003389,14787,786
3047,1003399,14326,325
3048,1003399,17525,524
3049,1003411,18722,721
3050,1003419,5065,64
3051,1003423,3342,341
3052,1003429,5452,451
3053,1003437,7875,874
3054,1003438,12522,521
3055,1003506,15126,125
3056,1003531,9912,911
3057,1003569,19127,126
3058,1003572,8694,693
3059,1003603,8270,269
3060,1003631,2638,637
3061,1003649,7364,363
3062,1003654,11739,738
3063,1003665,465,464
3064,1003670,4382,381
3065,1003696,12794,793
3066,1003774,11632,631
3067,1003792,4997,996
3068,1003815,16815,814
3069,1003824,3627,626
3070,1003873,3023,22
3071,1003925,3504,503
3072,1003972,6079,78
3073,1003997,16203,202
3074,1003999,11382,381
3075,1004030,9277,276
3076,1004057,19884,883
3077,1004068,1555,554
3078,1004128,8565,564
3079,1004195,1848,847
3080,1004200,13997,996
3081,1004290,18095,94
3082,1004350,15909,908
3083,1004401,11044,43
3084,1004445,6076,75
3085,1004459,14548,547
3086,1004766,6555,554
3087,1004830,19787,786
3088,1004840,18997,996
3089,1004847,9627,626
3090,1004878,15627,626
3091,1004897,7698,697
3092,1005101,9380,379
3093,1005104,13548,547
3094,1005145,9824,823
3095,1005169,1901,900
3096,1005171,5086,85
3097,1005196,1452,451
3098,1005212,2017,16
3099,1005310,4901,900
3100,1005559,277,276
3101,1005661,19011,10
3102,1005765,10909,908
3103,1005921,1340,339
3104,1005924,17382,381
3105,1005994,12829,828
3106,1006061,5824,823
3107,1006207,11848,847
3108,1006244,4877,876
3109,1006699,14627,626
3110,1006906,65,64
3111,1007959,9322,321
3112,1008082,5322,321
3113,1008374,10044,43
3114,1009031,4322,321
3115,1010708,16322,321
3116,1011520,18322,321
